"page","clicks","impressions","ctr","position"
"https://zoxide.org/","1985","75839","0.0262","3.82"
"https://zoxide.org/tutorials/install-macos/","334","4468","0.0748","4.69"
"https://zoxide.org/zh/","324","1790","0.18100000000000002","3.2"
"https://zoxide.org/tutorials/fzf-integration/","300","4356","0.0689","5.48"
"https://zoxide.org/blog/zoxide-commands/","218","12764","0.0171","4.25"
"https://zoxide.org/blog/zoxide-alias-autocomplete/","202","8885","0.0227","5.84"
"https://zoxide.org/tutorials/install-ubuntu/","198","5538","0.0358","4.84"
"https://zoxide.org/blog/zoxide-init-guide/","181","15116","0.012","4.67"
"https://zoxide.org/tutorials/install-windows/","174","6040","0.0288","5.21"
"https://zoxide.org/blog/zoxide-fzf-interactive-guide-en/","166","9623","0.0173","4.94"
"https://zoxide.org/blog/zoxide-command-not-found/","160","5703","0.0281","6.41"
"https://zoxide.org/blog/zoxide-alternatives-comparison-open-source/","140","9141","0.015300000000000001","6.59"
"https://zoxide.org/blog/zoxide-not-working/","93","6573","0.0141","5.61"
"https://zoxide.org/blog/zoxide-vs-autojump/","89","3031","0.0294","6.44"
"https://zoxide.org/blog/mastering-terminal-navigation-zoxide-guide/","79","16775","0.004699999999999999","6.43"
"https://zoxide.org/zh/tutorials/quick-start/","79","610","0.1295","4.37"
"https://zoxide.org/ja/","73","1490","0.049","4.64"
"https://zoxide.org/blog/troubleshooting-zoxide-no-match-found/","58","4378","0.0132","7.05"
"https://zoxide.org/blog/zoxide-linux-en/","52","7060","0.0074","6.03"
"https://zoxide.org/zh/download/","52","830","0.06269999999999999","4.03"
"https://zoxide.org/tutorials/quick-start/","51","1606","0.0318","6.84"
"https://zoxide.org/tutorials/install-arch-nixos/","45","2714","0.0166","4.92"
"https://zoxide.org/download/","34","11747","0.0029","5.66"
"https://zoxide.org/tutorials/","34","3952","0.0086","5.1"
"https://zoxide.org/ja/tutorials/install-windows/","34","190","0.1789","3.3"
"https://zoxide.org/ja/blog/zoxide-fzf-interactive-guide-ja/","28","700","0.04","6.83"
"https://zoxide.org/zh/tutorials/fzf-integration/","28","498","0.0562","7.68"
"https://zoxide.org/ja/tutorials/fzf-integration/","28","159","0.1761","6.15"
"https://zoxide.org/tutorials/basic-commands/","25","655","0.0382","10.23"
"https://zoxide.org/zh/blog/zoxide-vs-autojump/","24","78","0.3077","4.59"
"https://zoxide.org/ja/blog/mastering-terminal-navigation-zoxide-guide/","20","346","0.057800000000000004","5.6"
"https://zoxide.org/zh/blog/mastering-terminal-navigation-zoxide-guide/","19","286","0.0664","6.58"
"https://zoxide.org/blog/what-is-zoxide-smarter-cd/","15","7307","0.0021","6.05"
"https://zoxide.org/changelog/","15","3329","0.0045000000000000005","6.53"
"https://zoxide.org/zh/blog/zoxide-linux-zh/","15","320","0.046900000000000004","7.36"
"https://zoxide.org/tutorials/advanced-config/","12","1713","0.006999999999999999","8.16"
"https://zoxide.org/blog/stop-using-cd/","11","4050","0.0027","5.43"
"https://zoxide.org/zh/tutorials/basic-commands/","11","162","0.0679","7.57"
"https://zoxide.org/zh/tutorials/","11","140","0.0786","4.69"
"https://zoxide.org/ja/tutorials/install-macos/","11","83","0.1325","5.73"
"https://zoxide.org/zh/tutorials/shell-setup/","10","197","0.0508","11.42"
"https://zoxide.org/comparisons/","9","1322","0.0068000000000000005","7.59"
"https://zoxide.org/zh/tutorials/troubleshooting/","9","81","0.11109999999999999","16.41"
"https://zoxide.org/ja/blog/zoxide-alias-autocomplete/","9","60","0.15","5.3"
"https://zoxide.org/blog/advanced-zoxide-techniques/","7","958","0.0073","6.52"
"https://zoxide.org/tutorials/performance/","7","726","0.0096","6.6"
"https://zoxide.org/zh/blog/zoxide-download-guide/","7","716","0.0098","7.75"
"https://zoxide.org/zh/blog/quick-start/","7","248","0.0282","5.73"
"https://zoxide.org/zh/blog/zoxide-commands/","7","82","0.08539999999999999","10.82"
"https://zoxide.org/tutorials/shell-setup/","6","748","0.008","10.85"
"https://zoxide.org/blog/zoxide-download-guide/","6","455","0.0132","6.75"
"https://zoxide.org/ja/tutorials/install-ubuntu/","6","68","0.0882","5.82"
"https://zoxide.org/ja/tutorials/install-arch-nixos/","6","61","0.0984","7.59"
"https://zoxide.org/zh/tutorials/install-windows/","5","104","0.0481","8.18"
"https://zoxide.org/zh/tutorials/advanced-config/","5","93","0.0538","8.57"
"https://zoxide.org/zh/comparisons/","5","63","0.0794","6.44"
"https://zoxide.org/zh/blog/advanced-zoxide-techniques/","5","26","0.1923","13.31"
"https://zoxide.org/blog/how-zoxide-works-en/","4","1098","0.0036","8.87"
"https://zoxide.org/blog/advanced-config/","4","607","0.0066","10.12"
"https://zoxide.org/blog/install-zoxide-mac-shell-integration-completion","4","215","0.018600000000000002","10.5"
"https://zoxide.org/zh/blog/zoxide-init-guide/","4","139","0.0288","8.8"
"https://zoxide.org/zh/tutorials/install-macos/","4","40","0.1","5.75"
"https://zoxide.org/features/","3","3293","0.0009","4.18"
"https://zoxide.org/ja/blog/troubleshooting-zoxide-no-match-found/","3","131","0.0229","7.18"
"https://zoxide.org/zh/blog/troubleshooting-zoxide-no-match-found/","3","103","0.0291","14.94"
"https://zoxide.org/ja/blog/advanced-zoxide-techniques/","3","65","0.0462","7"
"https://zoxide.org/zh/blog/zoxide-not-working/","3","45","0.0667","9.71"
"https://zoxide.org/zh/blog/advanced-config/","3","31","0.0968","9"
"https://zoxide.org/blog/","2","5300","0.0004","6"
"https://zoxide.org/contact/","2","1965","0.001","6.93"
"https://zoxide.org/blog/quick-start/","2","627","0.0032","10.38"
"https://zoxide.org/zh/blog/","2","316","0.0063","8.91"
"https://zoxide.org/ja/download/","2","182","0.011000000000000001","6.13"
"https://zoxide.org/ja/blog/zoxide-command-not-found/","2","81","0.024700000000000003","6.53"
"https://zoxide.org/zh/tutorials/install-arch-nixos/","2","69","0.028999999999999998","12.01"
"https://zoxide.org/zh/tutorials/install-ubuntu/","2","54","0.037000000000000005","7.67"
"https://zoxide.org/ja/comparisons/","2","38","0.0526","9.45"
"https://zoxide.org/tutorials/videos/","2","35","0.0571","5.91"
"https://zoxide.org/zh/blog/zoxide-fzf-interactive-guide-zh/","2","13","0.15380000000000002","5.08"
"https://zoxide.org/zh/blog/zoxide-tidai-autojump-z-fasd-zlua/","2","4","0.5","8"
"https://zoxide.org/faq/","1","1030","0.001","9.93"
"https://zoxide.org/zh/blog/zoxide-command-not-found/","1","224","0.0045000000000000005","16.54"
"https://zoxide.org/about/","1","197","0.0051","13.75"
"https://zoxide.org/ja/features/","1","75","0.013300000000000001","8.44"
"https://zoxide.org/zh/blog/zoxide-shi-shenme-z-mingling-tidai-cd/","1","39","0.0256","10.56"
"https://zoxide.org/ja/contact/","1","38","0.0263","8.97"
"https://zoxide.org/ja/faq/","1","30","0.0333","13.47"
"https://zoxide.org/ja/tutorials/advanced-config/","1","24","0.0417","13.62"
"https://zoxide.org/ja/tutorials/","1","18","0.0556","12.11"
"https://zoxide.org/ja/blog/stop-using-cd/","1","15","0.0667","6.8"
"https://zoxide.org/zh/blog/zoxide-alias-autocomplete/","1","15","0.0667","16.07"
"https://zoxide.org/ja/blog/zoxide-commands/","1","12","0.0833","15.25"
"https://zoxide.org/ja/privacy-policy/","1","4","0.25","28.75"
"https://zoxide.org/ja/blog/","0","170","0","8.43"
"https://zoxide.org/zh/changelog/","0","163","0","7.2"
"https://zoxide.org/tutorials/troubleshooting/","0","111","0","10.5"
"https://zoxide.org/ja/about/","0","50","0","10.52"
"https://zoxide.org/ja/tutorials/quick-start/","0","49","0","10.39"
"https://zoxide.org/blog/install-zoxide-mac-shell-integration-completion/","0","47","0","6.47"
"https://zoxide.org/zh/features/","0","45","0","8.89"
"https://zoxide.org/ja/changelog/","0","37","0","7.14"
"https://zoxide.org/comparisons/autojump/","0","31","0","5.81"
"https://zoxide.org/terms-of-service/","0","26","0","43.54"
"https://zoxide.org/zh/faq/","0","19","0","13.42"
"https://zoxide.org/zh/blog/stop-using-cd/","0","19","0","20.37"
"https://zoxide.org/ja/blog/zoxide-toha-cd-no-kawari/","0","17","0","7.65"
"https://zoxide.org/ja/tutorials/shell-setup/","0","16","0","13.38"
"https://zoxide.org/comparisons/z","0","14","0","2.36"
"https://zoxide.org/privacy-policy/","0","14","0","16.64"
"https://zoxide.org/zh/blog/mac-anzhuang-zoxide-init-autocomplete/","0","13","0","22.08"
"https://zoxide.org/ja/blog/quick-start/","0","12","0","7.67"
"https://zoxide.org/comparisons/z/","0","12","0","11.67"
"https://zoxide.org/blog/zoxide-performance-en/","0","11","0","11"
"https://zoxide.org/ja/tutorials/basic-commands/","0","10","0","6.5"
"https://zoxide.org/ja/tutorials/troubleshooting/","0","10","0","6.5"
"https://zoxide.org/ja/blog/zoxide-download-guide/","0","8","0","5.75"
"https://zoxide.org/zh/blog/mac-anzhuang-zoxide-init-autocomplete","0","8","0","11.88"
"https://zoxide.org/comparisons/fasd/","0","7","0","16.14"
"https://zoxide.org/zh/about/","0","6","0","8.67"
"https://zoxide.org/ja/blog/zoxide-not-working/","0","6","0","17.67"
"https://zoxide.org/ja/terms-of-service/","0","6","0","25"
"https://zoxide.org/zh/tutorials/performance/","0","5","0","11.4"
"https://zoxide.org/ja/blog/zoxide-init-guide/","0","4","0","3.5"
"https://zoxide.org/comparisons/autojump","0","4","0","5"
"https://zoxide.org/ja/blog/zoxide-linux-ja/","0","4","0","5.5"
"https://zoxide.org/zh/comparisons/z/","0","4","0","14.25"
"https://zoxide.org/ja/blog/zoxide-vs-autojump/","0","3","0","3.33"
"https://zoxide.org/ja/tutorials/performance/","0","3","0","5"
"https://zoxide.org/ja/comparisons/fasd/","0","3","0","6.67"
"https://zoxide.org/zh/contact/","0","3","0","9.33"
"https://zoxide.org/blog/what-is-zoxide-smarter-cd","0","2","0","7"
"https://zoxide.org/zh/privacy-policy/","0","2","0","24.5"
"https://zoxide.org/ja/comparisons/autojump/","0","1","0","1"
"https://zoxide.org/zh/comparisons/autojump/","0","1","0","3"
"https://zoxide.org/zh/tutorials/videos/","0","1","0","3"
"https://zoxide.org/ja/blog/zoxide-daitai-autojump-z-fasd-zlua/","0","1","0","6"
"https://zoxide.org/zh/terms-of-service/","0","1","0","64"
