热门查询,点击次数,展示,点击率,排名
zoxide,2,2571,0.08%,7.5
zoxide install,2,378,0.53%,3.33
brew zoxide,2,82,2.44%,3.99
zoxide download,2,25,8%,2.8
zoxide windows,1,265,0.38%,6.2
install zoxide,1,208,0.48%,3.66
z oxide,1,154,0.65%,5.47
zoxide brew,1,105,0.95%,4.73
zoxide winget,1,43,2.33%,4.93
zoxide linux,0,163,0%,6.08
what is zoxide,0,140,0%,3.51
zoxide macos,0,102,0%,6.84
zoxide mac,0,95,0%,7.29
zoxide fish,0,80,0%,4.89
how to use zoxide,0,66,0%,9.05
zoxide zsh,0,65,0%,2.65
zoxide smarter cd command official github,0,61,0%,8.03
zoxide powershell,0,50,0%,5.3
zoxide smarter cd official github,0,50,0%,7.52
zoxide for windows,0,47,0%,5.53
zoxide setup,0,45,0%,2.38
zsh zoxide,0,41,0%,2.66
z cd replacement,0,41,0%,2.76
linux zoxide,0,39,0%,4.13
install zoxide mac,0,39,0%,5.97
winget zoxide,0,36,0%,4.97
zoxide homebrew,0,34,0%,4.79
zoxide install mac,0,34,0%,6.12
windows zoxide,0,33,0%,7.24
zdoxide,0,32,0%,4.94
zoxide terminal,0,31,0%,2.94
zoxide official github smarter cd command,0,30,0%,6.63
winget install zoxide,0,29,0%,4.34
zoxide cli,0,28,0%,2.07
install zoxide ubuntu,0,28,0%,5.18
zoxide install windows,0,27,0%,5.22
zoxide github,0,26,0%,15.46
zoxide tool,0,25,0%,2.68
macos zoxide,0,25,0%,7.48
zoxide init,0,22,0%,7.14
how to install zoxide,0,21,0%,2.48
homebrew zoxide,0,21,0%,4.62
using zoxide,0,20,0%,3.75
zoxide bash,0,19,0%,2.11
zoxide init zsh official docs,0,19,0%,6.47
"""zoxide"" documentation",0,18,0%,2
zoxide official github smarter cd,0,18,0%,6
zoxide command,0,16,0%,2.19
zoxide install ubuntu,0,16,0%,2.94
install zoxide windows,0,16,0%,5
zoxide github smarter cd command official,0,16,0%,5.75
zoxide how to use,0,15,0%,4.33
zoxide official smarter cd command github,0,15,0%,8.2
zoxide usage,0,14,0%,2.5
zoxide oh my zsh,0,14,0%,2.79
brew install zoxide,0,14,0%,4.43
zoxide replace cd,0,13,0%,5.15
zoxide cd,0,12,0%,2.08
zoxide.exe,0,12,0%,4.92
zoxide config,0,11,0%,2
zoxide fish shell,0,11,0%,5.36
zioxide,0,11,0%,7.18
zoxide docs,0,10,0%,1
zoxide documentation,0,10,0%,1.7
zoxide rust,0,10,0%,2
zoxide commands,0,10,0%,2.1
zoxide installation,0,10,0%,2.2
zoxide ubuntu,0,10,0%,4.9
zoxide fedora,0,10,0%,6.6
zoxide official smarter cd github,0,10,0%,7.8
aca2477b689712d752ac8478b0fdb7692598f39d zoxide,0,10,0%,9.2
what is zoxide?,0,9,0%,3.11
zoxide official github,0,9,0%,4.11
zocide,0,9,0%,8.11
zoxide debian,0,8,0%,2.88
zoxide install macos,0,8,0%,4.5
winget install ajeetdsouza.zoxide,0,8,0%,7.25
ubuntu install zoxide,0,8,0%,9
setup zoxide,0,7,0%,2.14
install zoxide on ubuntu,0,7,0%,4
z instead of cd,0,7,0%,4
zxide,0,7,0%,4.71
zoxide vs cd,0,7,0%,5.86
zoxid,0,7,0%,7.29
site:pkgs.alpinelinux.org zoxide alpine 3.13 package,0,6,0%,2
zoxide zsh integration,0,6,0%,2
z vs cd,0,6,0%,5
zoxide tutorial,0,6,0%,5.17
zxoide,0,6,0%,6
site:pkginfo.devuan.org zoxide devuan package,0,5,0%,2
zoxide z command,0,5,0%,2
site:packages.debian.org zoxide debian package,0,5,0%,2.2
how to setup zoxide,0,5,0%,3
zoxide cd replacement,0,5,0%,3
zoxide what is it,0,5,0%,3.8
oh my zsh zoxide,0,5,0%,5
site:formulae.brew.sh zoxide homebrew formula,0,5,0%,5
mise zoxide,0,5,0%,5.2
arch zoxide,0,5,0%,6.2
zoxide install linux,0,5,0%,6.4
zoxide nushell,0,5,0%,7.2
zoxyde,0,5,0%,8.8
zooxide,0,5,0%,9.4
zoxide help,0,4,0%,2
zoxide github repository,0,4,0%,3.75
zeoxide,0,4,0%,5.5
zoxide ubuntu install,0,4,0%,7
oxide download windows,0,4,0%,7.5
zoxide arch,0,4,0%,8
zoxide init zsh official documentation,0,4,0%,8.75
zoxide init zsh,0,4,0%,9.5
terminal directory navigation zoxide,0,4,0%,11
zoxide fish integration,0,3,0%,2
site:github.com zoxide f0c5e28fd7e56d7cec045a40154ab4768339da44,0,3,0%,2.33
site:packages.ubuntu.com zoxide ubuntu 21.04,0,3,0%,2.33
site:packages.ubuntu.com zoxide ubuntu package,0,3,0%,2.33
site:pkginfo.devuan.org zoxide devuan 4.0,0,3,0%,2.33
fish zoxide,0,3,0%,3.67
ubuntu zoxide,0,3,0%,3.67
zoxide github repo,0,3,0%,3.67
zoxide fuzzy search,0,3,0%,5
zoxside,0,3,0%,5
how does zoxide work,0,3,0%,5.33
zoxide init bash,0,3,0%,5.33
replace cd with zoxide,0,3,0%,6
zoxide init zsh official,0,3,0%,6
zoxcide,0,3,0%,6.33
zoxide official smarter cd,0,3,0%,7
zoxied,0,3,0%,7.33
zoxie,0,3,0%,7.67
f0c5e28fd7e56d7cec045a40154ab4768339da44 zoxide,0,3,0%,8.33
aca2477b689712d752ac8478b0fdb7692598f39d zoxide commit,0,3,0%,10
zoxide fzf,0,3,0%,10
zoxide init powershell,0,3,0%,15.67
zoxide arch linux,0,2,0%,1
zoxide cli tool,0,2,0%,2
zoxide shell,0,2,0%,2
zoxide smart cd,0,2,0%,2
zoxide zi,0,2,0%,2
zsh,0,2,0%,2
site:docs.rs zoxide storebuilder,0,2,0%,2.5
xoxide,0,2,0%,2.5
zoxide interactive,0,2,0%,2.5
zoxide official installation guide,0,2,0%,2.5
github zoxide aca2477b689712d752ac8478b0fdb7692598f39d,0,2,0%,4
zoxide command line tool purpose security,0,2,0%,4
z cd,0,2,0%,6.5
powershell zoxide,0,2,0%,7
site:packages.fedoraproject.org zoxide fedora package,0,2,0%,7
zoxide git,0,2,0%,7.5
zoxide list,0,2,0%,7.5
zxiode,0,2,0%,7.5
zoxide init fish,0,2,0%,8
github zoxide,0,2,0%,48
codex install linux,0,1,0%,1
codex linux install,0,1,0%,1
zoside,0,1,0%,1
install zoxide linux,0,1,0%,2
rust zoxide,0,1,0%,2
site:github.com/ajeetdsouza/zoxide zoxide smarter cd command,0,1,0%,2
site:github.com/kamiyaa/joshuto zoxide.rs joshuto,0,1,0%,2
site:pkginfo.devuan.org zoxide devuan 4.0 package,0,1,0%,2
xozide,0,1,0%,2
zoxide better cd,0,1,0%,2
zoxide command line tool,0,1,0%,2
zoxide guide,0,1,0%,2
zoxide zshrc,0,1,0%,2
bash zoxide,0,1,0%,3
how to install zoxide on ubuntu,0,1,0%,3
site:formulae.brew.sh zoxide formula,0,1,0%,3
what is zoxide tool,0,1,0%,3
zoxide z,0,1,0%,3
zodixe,0,1,0%,4
zoxide github readme,0,1,0%,4
zoxide smarter cd official,0,1,0%,4
"site:github.com/ajeetdsouza/zoxide ""zoxide.xplr""",0,1,0%,5
zoxide init zsh docs,0,1,0%,7
zoxide installation guide,0,1,0%,7
zoxide official website,0,1,0%,7
zoxode,0,1,0%,7
fisher zoxide,0,1,0%,8
homebrew formula zoxide,0,1,0%,8
homebrew zoxide formula,0,1,0%,8
z cd d,0,1,0%,8
z cd alternative,0,1,0%,9
zoixde,0,1,0%,9
zoxide f0c5e28fd7e56d7cec045a40154ab4768339da44 github,0,1,0%,10
"""zoxide-eyhnpqumhvwncyb8gjgdxg""",0,1,0%,11
z cd cd,0,1,0%,11