日期,点击次数,展示,点击率,排名
2026-05-08,3,118,2.54%,4.3
2026-05-09,2,83,2.41%,5
2026-05-10,0,90,0%,4.2
2026-05-11,4,95,4.21%,4
2026-05-12,3,100,3%,3.8
2026-05-13,3,141,2.13%,4.5
2026-05-14,5,113,4.42%,4.8
2026-05-15,3,102,2.94%,4.5
2026-05-16,1,61,1.64%,3.1
2026-05-17,0,93,0%,4.1
2026-05-18,3,130,2.31%,4.2
2026-05-19,3,82,3.66%,3.7
2026-05-20,4,76,5.26%,3.8
2026-05-21,4,110,3.64%,3.8
2026-05-22,3,62,4.84%,4.5
2026-05-23,0,49,0%,5.3
2026-05-24,0,50,0%,3.8
2026-05-25,3,62,4.84%,4.6
2026-05-26,3,72,4.17%,3.8
2026-05-27,2,90,2.22%,4.6
2026-05-28,2,114,1.75%,3.4
2026-05-29,2,101,1.98%,5.2
2026-05-30,1,101,0.99%,4.3
2026-05-31,0,67,0%,5
2026-06-01,6,131,4.58%,4
2026-06-02,3,120,2.5%,3.9
2026-06-03,5,88,5.68%,4.1
2026-06-04,2,99,2.02%,3.3
2026-06-05,4,88,4.55%,3.1
2026-06-06,1,45,2.22%,3.2
2026-06-07,4,74,5.41%,3.5
2026-06-08,2,96,2.08%,3.9
2026-06-09,2,108,1.85%,4
2026-06-10,6,174,3.45%,3.5
2026-06-11,3,102,2.94%,5.2
2026-06-12,4,96,4.17%,3.9
2026-06-13,1,51,1.96%,3.4
2026-06-14,0,119,0%,4.3
2026-06-15,2,114,1.75%,3.5
2026-06-16,4,178,2.25%,5.4
2026-06-17,3,144,2.08%,3.8
2026-06-18,4,408,0.98%,3.4
2026-06-19,0,171,0%,3.7
2026-06-20,2,163,1.23%,4.4
2026-06-21,2,195,1.03%,3.9
2026-06-22,4,186,2.15%,3.9
2026-06-23,3,165,1.82%,3.9
2026-06-24,2,187,1.07%,4.1
2026-06-25,7,155,4.52%,3.4
2026-06-26,1,144,0.69%,3.9
2026-06-27,1,175,0.57%,3.5
2026-06-28,2,196,1.02%,4.9
2026-06-29,2,414,0.48%,3.9
2026-06-30,2,181,1.1%,3.5
2026-07-01,2,199,1.01%,4.2
2026-07-02,2,351,0.57%,3.2
2026-07-03,1,287,0.35%,3.7
2026-07-04,0,211,0%,3.3
2026-07-05,1,235,0.43%,4.4
2026-07-06,5,197,2.54%,3.7
2026-07-07,3,209,1.44%,3.6
2026-07-08,3,457,0.66%,3.7
2026-07-09,2,323,0.62%,3.8
2026-07-10,2,219,0.91%,7.4
2026-07-11,2,143,1.4%,3.8
2026-07-12,0,278,0%,4.1
2026-07-13,3,174,1.72%,4.7
2026-07-14,4,160,2.5%,4.5
2026-07-15,0,102,0%,4.3
2026-07-16,6,167,3.59%,3.4
2026-07-17,1,81,1.23%,5.5
2026-07-18,0,130,0%,5.3
2026-07-19,1,180,0.56%,4.5
2026-07-20,3,116,2.59%,4.2
2026-07-21,1,125,0.8%,5.2
2026-07-22,5,96,5.21%,4.6
2026-07-23,2,86,2.33%,3.5
2026-07-24,1,75,1.33%,6.7
2026-07-25,3,169,1.78%,5.4
2026-07-26,1,60,1.67%,7
2026-07-27,1,152,0.66%,4.1
2026-07-28,2,99,2.02%,4.3
2026-07-29,2,152,1.32%,3.7
2026-07-30,2,94,2.13%,5.5
2026-07-31,4,80,5%,3.9
2026-08-01,1,89,1.12%,4.9
2026-08-02,0,171,0%,3.9
2026-08-03,3,88,3.41%,5.5
2026-08-04,2,97,2.06%,4.3
2026-08-05,4,83,4.82%,5.5
2026-08-06,3,55,5.45%,5.4
2026-08-07,4,84,4.76%,3.9