date,clicks,impressions,ctr,position
2026-05-08,71.0,1855.0,0.0383,3.3
2026-05-09,47.0,1341.0,0.035,3.2
2026-05-10,49.0,1518.0,0.0323,3.7
2026-05-11,92.0,1868.0,0.0493,3.3
2026-05-12,88.0,1828.0,0.0481,3.5
2026-05-13,88.0,2219.0,0.0397,3.4
2026-05-14,78.0,1915.0,0.0407,3.8
2026-05-15,77.0,1748.0,0.0441,3.5
2026-05-16,54.0,1215.0,0.0444,3.8
2026-05-17,53.0,1395.0,0.038,3.6
2026-05-18,72.0,1738.0,0.0414,3.7
2026-05-19,62.0,1626.0,0.0381,3.9
2026-05-20,83.0,1559.0,0.053200000000000004,3.7
2026-05-21,101.0,1735.0,0.0582,3.9
2026-05-22,73.0,1409.0,0.0518,3.9
2026-05-23,45.0,1244.0,0.0362,3.9
2026-05-24,44.0,1190.0,0.037000000000000005,4.7
2026-05-25,70.0,1580.0,0.0443,4.1
2026-05-26,52.0,1623.0,0.032,3.6
2026-05-27,76.0,1603.0,0.047400000000000005,4.3
2026-05-28,74.0,1980.0,0.0374,4.0
2026-05-29,70.0,1680.0,0.0417,4.4
2026-05-30,58.0,1287.0,0.0451,3.7
2026-05-31,53.0,1427.0,0.0371,3.3
2026-06-01,76.0,1882.0,0.0404,3.6
2026-06-02,71.0,1797.0,0.0395,3.8
2026-06-03,72.0,1749.0,0.0412,3.4
2026-06-04,69.0,1936.0,0.0356,3.7
2026-06-05,66.0,1825.0,0.0362,3.5
2026-06-06,45.0,1949.0,0.0231,4.5
2026-06-07,59.0,1456.0,0.0405,3.7
2026-06-08,71.0,2082.0,0.0341,3.8
2026-06-09,72.0,1977.0,0.0364,3.4
2026-06-10,76.0,2231.0,0.0341,4.7
2026-06-11,67.0,1933.0,0.0347,3.8
2026-06-12,54.0,1565.0,0.0345,3.7
2026-06-13,38.0,1275.0,0.0298,3.7
2026-06-14,45.0,1748.0,0.025699999999999997,3.9
2026-06-15,87.0,1973.0,0.0441,3.8
2026-06-16,98.0,2236.0,0.0438,3.8
2026-06-17,76.0,2107.0,0.0361,4.1
2026-06-18,63.0,2403.0,0.0262,4.1
2026-06-19,57.0,2030.0,0.0281,4.1
2026-06-20,26.0,2452.0,0.0106,4.9
2026-06-21,43.0,2215.0,0.0194,4.5
2026-06-22,93.0,2611.0,0.0356,4.1
2026-06-23,69.0,2100.0,0.0329,4.4
2026-06-24,63.0,2445.0,0.0258,4.3
2026-06-25,72.0,2013.0,0.0358,4.0
2026-06-26,53.0,1716.0,0.030899999999999997,3.7
2026-06-27,45.0,3756.0,0.012,4.7
2026-06-28,50.0,2265.0,0.022099999999999998,4.8
2026-06-29,62.0,4675.0,0.013300000000000001,4.3
2026-06-30,59.0,2122.0,0.0278,5.3
2026-07-01,70.0,2402.0,0.0291,4.2
2026-07-02,66.0,2331.0,0.028300000000000002,4.5
2026-07-03,60.0,3199.0,0.018799999999999997,4.3
2026-07-04,45.0,2298.0,0.0196,4.4
2026-07-05,42.0,2009.0,0.0209,4.0
2026-07-06,78.0,2066.0,0.0378,3.7
2026-07-07,70.0,2202.0,0.0318,4.0
2026-07-08,77.0,2802.0,0.0275,4.1
2026-07-09,65.0,2224.0,0.0292,4.8
2026-07-10,57.0,2898.0,0.0197,10.6
2026-07-11,32.0,1686.0,0.019,5.8
2026-07-12,31.0,2322.0,0.0134,5.8
2026-07-13,87.0,2003.0,0.0434,5.0
2026-07-14,56.0,1618.0,0.0346,5.2
2026-07-15,61.0,1662.0,0.036699999999999997,5.2
2026-07-16,58.0,1544.0,0.037599999999999995,3.9
2026-07-17,43.0,1360.0,0.0316,4.2
2026-07-18,31.0,1605.0,0.019299999999999998,4.6
2026-07-19,37.0,1679.0,0.022000000000000002,4.9
2026-07-20,60.0,1428.0,0.042,4.3
2026-07-21,61.0,1378.0,0.0443,3.8
2026-07-22,43.0,1130.0,0.0381,4.2
2026-07-23,50.0,1055.0,0.047400000000000005,4.2
2026-07-24,49.0,1338.0,0.0366,5.8
2026-07-25,45.0,1889.0,0.023799999999999998,5.1
2026-07-26,42.0,1058.0,0.0397,5.2
2026-07-27,55.0,1760.0,0.031200000000000002,5.8
2026-07-28,68.0,1453.0,0.046799999999999994,5.8
2026-07-29,63.0,2061.0,0.030600000000000002,5.2
2026-07-30,54.0,1426.0,0.0379,5.6
2026-07-31,49.0,1330.0,0.0368,5.5
2026-08-01,20.0,1202.0,0.0166,7.1
2026-08-02,39.0,1472.0,0.0265,6.3
2026-08-03,71.0,1377.0,0.0516,5.1
2026-08-04,56.0,1421.0,0.0394,4.7
2026-08-05,61.0,1392.0,0.0438,5.7
2026-08-06,54.0,1080.0,0.05,5.5
2026-08-07,59.0,1555.0,0.0379,4.4
