国家/地区,点击次数,展示,点击率,排名
美国,13,1097,1.19%,4.87
德国,5,111,4.5%,4.18
日本,4,64,6.25%,3.8
加拿大,4,64,6.25%,3.97
法国,3,56,5.36%,4.36
印度,3,46,6.52%,4.54
丹麦,3,17,17.65%,3.76
瑞士,3,11,27.27%,3
荷兰,2,39,5.13%,3.79
西班牙,2,35,5.71%,4.6
韩国,2,30,6.67%,3.8
台湾,2,13,15.38%,2.46
罗马尼亚,2,11,18.18%,3.55
英国,1,78,1.28%,5.13
瑞典,1,35,2.86%,5.14
越南,1,31,3.23%,3.19
新加坡,1,31,3.23%,3.61
中国,1,21,4.76%,5.1
奥地利,1,17,5.88%,3.06
挪威,1,17,5.88%,4.35
南非,1,16,6.25%,2.62
以色列,1,16,6.25%,5.19
泰国,1,13,7.69%,3.69
比利时,1,13,7.69%,6.46
意大利,1,12,8.33%,8.92
孟加拉,1,11,9.09%,3.55
芬兰,1,11,9.09%,5.36
阿根廷,1,10,10%,2.7
爱尔兰,1,7,14.29%,5.43
塞尔维亚,1,4,25%,2.25
保加利亚,1,4,25%,3.75
格鲁吉亚,1,4,25%,4.75
塞浦路斯,1,1,100%,2
巴西,0,69,0%,8.49
俄罗斯,0,58,0%,4.21
澳大利亚,0,48,0%,3.96
印度尼西亚,0,36,0%,4.78
波兰,0,35,0%,3.54
菲律宾,0,21,0%,4.95
中国香港,0,20,0%,4.35
乌克兰,0,18,0%,4.33
土耳其,0,16,0%,3.62
墨西哥,0,15,0%,4.73
哥伦比亚,0,15,0%,8.53
葡萄牙,0,11,0%,3.45
智利,0,11,0%,4.18
新西兰,0,10,0%,4.4
马来西亚,0,9,0%,2.78
匈牙利,0,9,0%,5.11
阿拉伯联合酋长国,0,8,0%,3.5
埃及,0,8,0%,13.38
捷克,0,7,0%,5.43
摩洛哥,0,6,0%,11.33
白俄罗斯,0,5,0%,3.8
克罗地亚,0,5,0%,5.4
冰岛,0,4,0%,2.5
尼泊尔,0,4,0%,6.25
津巴布韦,0,3,0%,2
希腊,0,3,0%,3
秘鲁,0,3,0%,3
伊朗,0,3,0%,4.33
爱沙尼亚,0,3,0%,5.33
斯洛文尼亚,0,3,0%,6
斯里兰卡,0,3,0%,7
哈萨克斯坦,0,3,0%,7.33
厄瓜多尔,0,3,0%,8
沙特阿拉伯,0,3,0%,14.67
阿尔及利亚,0,3,0%,17
埃塞俄比亚,0,2,0%,1
科威特,0,2,0%,2
巴基斯坦,0,2,0%,2
巴拿马,0,2,0%,2
斯洛伐克,0,2,0%,3
黎巴嫩,0,2,0%,4
肯尼亚,0,2,0%,4.5
拉脱维亚,0,2,0%,4.5
突尼斯,0,2,0%,6
阿尔巴尼亚,0,2,0%,6.5
多米尼加共和国,0,2,0%,7.5
柬埔寨,0,1,0%,1
赞比亚,0,1,0%,1
玻利维亚,0,1,0%,2
开曼群岛,0,1,0%,2
冈比亚,0,1,0%,2
基里巴斯,0,1,0%,2
马其顿,0,1,0%,2
伊拉克,0,1,0%,3
巴拉圭,0,1,0%,3
卢旺达,0,1,0%,3
巴林,0,1,0%,7
波多黎各,0,1,0%,7
萨尔瓦多,0,1,0%,7
洪都拉斯,0,1,0%,9
尼日利亚,0,1,0%,9
斯威士兰,0,1,0%,10
吉尔吉斯斯坦,0,1,0%,27
约旦,0,1,0%,46