"country","clicks","impressions","ctr","position"
"美国","996","84822","0.011699999999999999","4.58"
"日本","482","6136","0.0786","3.8"
"中国","346","2728","0.1268","2.99"
"德国","328","6425","0.051100000000000007","3.18"
"巴西","238","4437","0.0536","3.89"
"英国","238","4156","0.057300000000000004","3.79"
"印度","229","5355","0.042800000000000005","3.74"
"中国香港","197","1401","0.1406","2.68"
"法国","154","3187","0.0483","3.34"
"台湾","135","1462","0.09230000000000001","3.02"
"荷兰","132","2813","0.046900000000000004","3.04"
"西班牙","115","1814","0.0634","4.16"
"波兰","112","2012","0.0557","3.45"
"加拿大","108","3281","0.0329","3.97"
"澳大利亚","90","2036","0.044199999999999996","3.34"
"新加坡","80","2032","0.0394","3.24"
"俄罗斯","80","1939","0.041299999999999996","4.67"
"瑞士","80","857","0.0933","2.61"
"印度尼西亚","76","1597","0.047599999999999996","6.85"
"越南","70","2274","0.0308","9"
"意大利","70","1354","0.051699999999999996","3.55"
"阿根廷","70","995","0.0704","3.96"
"瑞典","66","1041","0.0634","2.94"
"韩国","59","1571","0.037599999999999995","3.23"
"捷克","52","673","0.07730000000000001","2.62"
"乌克兰","43","845","0.0509","4.83"
"丹麦","42","547","0.0768","2.94"
"哥伦比亚","40","714","0.055999999999999994","5.71"
"奥地利","37","707","0.052300000000000006","2.77"
"比利时","37","559","0.0662","2.79"
"墨西哥","35","1150","0.0304","7.07"
"芬兰","34","491","0.0692","2.87"
"葡萄牙","34","476","0.07139999999999999","2.89"
"泰国","33","843","0.0391","6.22"
"挪威","29","637","0.0455","2.77"
"智利","29","505","0.0574","3.51"
"土耳其","28","787","0.0356","5.54"
"南非","28","433","0.0647","3.79"
"以色列","27","507","0.0533","3.76"
"菲律宾","26","2024","0.0128","9.12"
"罗马尼亚","26","443","0.0587","3.11"
"伊朗","25","267","0.09359999999999999","3.79"
"爱尔兰","20","295","0.0678","3.17"
"新西兰","19","351","0.0541","2.89"
"匈牙利","19","311","0.0611","3.2"
"希腊","19","287","0.0662","2.69"
"孟加拉","18","569","0.0316","10.22"
"秘鲁","18","379","0.0475","3.56"
"巴基斯坦","16","572","0.027999999999999997","9.61"
"斯洛伐克","16","147","0.10880000000000001","2.86"
"马来西亚","15","725","0.0207","7.95"
"埃及","14","525","0.026699999999999998","7.74"
"摩洛哥","14","379","0.0369","12.16"
"尼泊尔","13","224","0.057999999999999996","3.25"
"白俄罗斯","12","155","0.0774","3.8"
"肯尼亚","12","154","0.0779","3.6"
"尼日利亚","11","211","0.0521","4.64"
"哈萨克斯坦","9","267","0.0337","3.88"
"委内瑞拉","8","147","0.054400000000000004","4.94"
"塞浦路斯","8","54","0.1481","2.74"
"塞尔维亚","7","147","0.047599999999999996","3.12"
"保加利亚","6","206","0.0291","3"
"立陶宛","6","101","0.0594","3.03"
"格鲁吉亚","6","96","0.0625","2.8"
"突尼斯","6","85","0.0706","5.4"
"厄瓜多尔","5","206","0.024300000000000002","9.3"
"克罗地亚","5","120","0.0417","3.18"
"斯洛文尼亚","5","119","0.042","2.69"
"乌拉圭","5","97","0.051500000000000004","5.67"
"拉脱维亚","5","95","0.0526","2.53"
"加纳","5","81","0.0617","4.01"
"爱沙尼亚","4","135","0.0296","2.81"
"柬埔寨","4","113","0.0354","3.61"
"斯里兰卡","4","104","0.0385","3.23"
"多米尼加共和国","4","94","0.0426","4.7"
"亚美尼亚","4","89","0.0449","3.37"
"冰岛","4","41","0.09759999999999999","3.12"
"古巴","4","24","0.16670000000000001","3.29"
"阿拉伯联合酋长国","3","728","0.0040999999999999995","3.35"
"沙特阿拉伯","3","290","0.0103","8.28"
"阿尔及利亚","3","214","0.013999999999999999","11.59"
"约旦","3","142","0.021099999999999997","14.95"
"乌兹别克斯坦","3","133","0.0226","5.25"
"哥斯达黎加","3","120","0.025","4.47"
"埃塞俄比亚","3","79","0.038","2.48"
"阿塞拜疆","3","75","0.04","6.44"
"萨尔瓦多","3","58","0.051699999999999996","3.74"
"黎巴嫩","3","40","0.075","5.4"
"澳门","3","34","0.0882","3.56"
"马其顿","3","24","0.125","2.92"
"赞比亚","3","22","0.1364","3.45"
"毛里求斯","3","14","0.2143","5.71"
"未知地区","3","11","0.2727","3.73"
"巴拿马","2","100","0.02","6.19"
"摩尔多瓦","2","55","0.0364","2.95"
"吉尔吉斯斯坦","2","54","0.037000000000000005","4.76"
"波斯尼亚和黑塞哥维那","2","42","0.047599999999999996","4.02"
"卢森堡","2","37","0.0541","3.43"
"阿尔巴尼亚","2","36","0.0556","3.69"
"乌干达","2","34","0.0588","5"
"巴林","2","24","0.0833","3"
"喀麦隆","2","19","0.10529999999999999","3.89"
"利比里亚","2","9","0.22219999999999998","3.33"
"格恩西岛","2","2","1","1.5"
"危地马拉","1","107","0.009300000000000001","4.93"
"玻利维亚","1","85","0.0118","3.89"
"波多黎各","1","44","0.0227","3.43"
"安哥拉","1","28","0.035699999999999996","2.5"
"科威特","1","26","0.0385","4.69"
"蒙古","1","25","0.04","3.28"
"科索沃","1","23","0.0435","3.87"
"缅甸","1","22","0.0455","3.95"
"马达加斯加","1","20","0.05","2.4"
"马耳他","1","18","0.0556","3.22"
"卢旺达","1","18","0.0556","3.56"
"坦桑尼亚","1","16","0.0625","3.88"
"安道尔","1","11","0.0909","3.82"
"老挝","1","10","0.1","5"
"贝宁","1","8","0.125","3.12"
"斯威士兰","1","6","0.16670000000000001","2"
"加勒比荷兰","1","2","0.5","2.5"
"汤加","1","1","1","1"
"百慕大","1","1","1","2"
"伊拉克","0","153","0","10.76"
"巴拉圭","0","68","0","4.84"
"阿曼","0","53","0","8.6"
"洪都拉斯","0","50","0","4.5"
"巴勒斯坦","0","43","0","7.02"
"叙利亚","0","40","0","3.92"
"牙买加","0","38","0","8.71"
"卡塔尔","0","30","0","6.3"
"尼加拉瓜","0","26","0","3.46"
"塞内加尔","0","26","0","7.19"
"科特迪瓦","0","22","0","6.41"
"也门","0","18","0","3"
"黑山","0","18","0","3.61"
"马尔代夫","0","18","0","3.72"
"苏丹","0","16","0","3.25"
"特立尼达和多巴哥","0","16","0","7.44"
"美属萨摩亚","0","15","0","3.73"
"阿鲁巴","0","13","0","1.69"
"津巴布韦","0","13","0","2.08"
"莫桑比克","0","11","0","2.36"
"利比亚","0","11","0","3.73"
"圭亚那","0","11","0","11.73"
"巴哈马","0","10","0","5"
"刚果 - 金沙萨","0","10","0","6.4"
"文莱","0","10","0","6.9"
"圣多美和普林西比","0","8","0","4"
"冈比亚","0","8","0","4.25"
"南苏丹","0","7","0","1.86"
"留尼汪岛","0","7","0","3.57"
"塔吉克斯坦","0","7","0","5.86"
"巴巴多斯","0","6","0","2.67"
"格陵兰","0","6","0","3.67"
"布基纳法索","0","6","0","9.17"
"加蓬","0","5","0","2"
"马提尼克","0","5","0","3.2"
"伯利兹","0","5","0","5.6"
"法属圭亚那","0","5","0","5.6"
"苏里南","0","5","0","7"
"刚果 - 布拉柴维尔","0","5","0","7.4"
"西撒哈拉","0","5","0","8.4"
"开曼群岛","0","4","0","2.25"
"马里","0","4","0","2.75"
"纳米比亚","0","4","0","3.5"
"多哥","0","4","0","4.75"
"圣基茨和尼维斯","0","3","0","1"
"曼岛","0","3","0","1.67"
"阿富汗","0","3","0","3.33"
"巴布亚新几内亚","0","3","0","3.33"
"几内亚","0","3","0","4"
"海地","0","3","0","4.33"
"库拉索","0","3","0","4.67"
"圣卢西亚","0","3","0","4.67"
"斐济","0","3","0","6"
"特克斯和凯科斯群岛","0","3","0","6"
"博茨瓦纳","0","3","0","6.33"
"不丹","0","2","0","2"
"法罗群岛","0","2","0","2"
"乍得","0","2","0","2"
"毛里塔尼亚","0","2","0","2.5"
"新喀里多尼亚","0","2","0","3"
"佛得角","0","2","0","4"
"圣马力诺","0","2","0","4.5"
"索马里","0","2","0","4.5"
"瓜德罗普","0","2","0","5.5"
"土库曼斯坦","0","2","0","6"
"关岛","0","2","0","6.5"
"安提瓜和巴布达","0","1","0","1"
"中非共和国","0","1","0","1"
"泽西岛","0","1","0","1"
"摩纳哥","0","1","0","1"
"基里巴斯","0","1","0","2"
"列支敦士登","0","1","0","2"
"荷属圣马丁岛","0","1","0","2"
"美属维尔京群岛","0","1","0","2"
"朝鲜","0","1","0","3"
"法属波利尼西亚","0","1","0","3"
"格林纳达","0","1","0","4"
"东帝汶","0","1","0","6"
"英属维尔京群岛","0","1","0","6"
"圣马丁","0","1","0","7"
"塞舌尔","0","1","0","7"
"奥兰群岛","0","1","0","8"
"尼日尔","0","1","0","9"
