"date","clicks","impressions","ctr","position"
"2026-05-08","71","1855","0.0383","3.3"
"2026-05-09","47","1341","0.035","3.2"
"2026-05-10","49","1518","0.0323","3.7"
"2026-05-11","92","1868","0.0493","3.3"
"2026-05-12","88","1828","0.0481","3.5"
"2026-05-13","88","2219","0.0397","3.4"
"2026-05-14","78","1915","0.0407","3.8"
"2026-05-15","77","1748","0.0441","3.5"
"2026-05-16","54","1215","0.0444","3.8"
"2026-05-17","53","1395","0.038","3.6"
"2026-05-18","72","1738","0.0414","3.7"
"2026-05-19","62","1626","0.0381","3.9"
"2026-05-20","83","1559","0.053200000000000004","3.7"
"2026-05-21","101","1735","0.0582","3.9"
"2026-05-22","73","1409","0.0518","3.9"
"2026-05-23","45","1244","0.0362","3.9"
"2026-05-24","44","1190","0.037000000000000005","4.7"
"2026-05-25","70","1580","0.0443","4.1"
"2026-05-26","52","1623","0.032","3.6"
"2026-05-27","76","1603","0.047400000000000005","4.3"
"2026-05-28","74","1980","0.0374","4"
"2026-05-29","70","1680","0.0417","4.4"
"2026-05-30","58","1287","0.0451","3.7"
"2026-05-31","53","1427","0.0371","3.3"
"2026-06-01","76","1882","0.0404","3.6"
"2026-06-02","71","1797","0.0395","3.8"
"2026-06-03","72","1749","0.0412","3.4"
"2026-06-04","69","1936","0.0356","3.7"
"2026-06-05","66","1825","0.0362","3.5"
"2026-06-06","45","1949","0.0231","4.5"
"2026-06-07","59","1456","0.0405","3.7"
"2026-06-08","71","2082","0.0341","3.8"
"2026-06-09","72","1977","0.0364","3.4"
"2026-06-10","76","2231","0.0341","4.7"
"2026-06-11","67","1933","0.0347","3.8"
"2026-06-12","54","1565","0.0345","3.7"
"2026-06-13","38","1275","0.0298","3.7"
"2026-06-14","45","1748","0.025699999999999997","3.9"
"2026-06-15","87","1973","0.0441","3.8"
"2026-06-16","98","2236","0.0438","3.8"
"2026-06-17","76","2107","0.0361","4.1"
"2026-06-18","63","2403","0.0262","4.1"
"2026-06-19","57","2030","0.0281","4.1"
"2026-06-20","26","2452","0.0106","4.9"
"2026-06-21","43","2215","0.0194","4.5"
"2026-06-22","93","2611","0.0356","4.1"
"2026-06-23","69","2100","0.0329","4.4"
"2026-06-24","63","2445","0.0258","4.3"
"2026-06-25","72","2013","0.0358","4"
"2026-06-26","53","1716","0.030899999999999997","3.7"
"2026-06-27","45","3756","0.012","4.7"
"2026-06-28","50","2265","0.022099999999999998","4.8"
"2026-06-29","62","4675","0.013300000000000001","4.3"
"2026-06-30","59","2122","0.0278","5.3"
"2026-07-01","70","2402","0.0291","4.2"
"2026-07-02","66","2331","0.028300000000000002","4.5"
"2026-07-03","60","3199","0.018799999999999997","4.3"
"2026-07-04","45","2298","0.0196","4.4"
"2026-07-05","42","2009","0.0209","4"
"2026-07-06","78","2066","0.0378","3.7"
"2026-07-07","70","2202","0.0318","4"
"2026-07-08","77","2802","0.0275","4.1"
"2026-07-09","65","2224","0.0292","4.8"
"2026-07-10","57","2898","0.0197","10.6"
"2026-07-11","32","1686","0.019","5.8"
"2026-07-12","31","2322","0.0134","5.8"
"2026-07-13","87","2003","0.0434","5"
"2026-07-14","56","1618","0.0346","5.2"
"2026-07-15","61","1662","0.036699999999999997","5.2"
"2026-07-16","58","1544","0.037599999999999995","3.9"
"2026-07-17","43","1360","0.0316","4.2"
"2026-07-18","31","1605","0.019299999999999998","4.6"
"2026-07-19","37","1679","0.022000000000000002","4.9"
"2026-07-20","60","1428","0.042","4.3"
"2026-07-21","61","1378","0.0443","3.8"
"2026-07-22","43","1130","0.0381","4.2"
"2026-07-23","50","1055","0.047400000000000005","4.2"
"2026-07-24","49","1338","0.0366","5.8"
"2026-07-25","45","1889","0.023799999999999998","5.1"
"2026-07-26","42","1058","0.0397","5.2"
"2026-07-27","55","1760","0.031200000000000002","5.8"
"2026-07-28","68","1453","0.046799999999999994","5.8"
"2026-07-29","63","2061","0.030600000000000002","5.2"
"2026-07-30","54","1426","0.0379","5.6"
"2026-07-31","49","1330","0.0368","5.5"
"2026-08-01","20","1202","0.0166","7.1"
"2026-08-02","39","1472","0.0265","6.3"
"2026-08-03","71","1377","0.0516","5.1"
"2026-08-04","56","1421","0.0394","4.7"
"2026-08-05","61","1392","0.0438","5.7"
"2026-08-06","54","1080","0.05","5.5"
"2026-08-07","59","1555","0.0379","4.4"
